<code_scheme name="Default" version="173">
  <option name="ENABLE_SECOND_REFORMAT" value="true" />
  <CssCodeStyleSettings>
    <option name="BLANK_LINES_BETWEEN_BLOCKS" value="0" />
    <option name="BLANK_LINES_AROUND_NESTED_SELECTOR" value="0" />
  </CssCodeStyleSettings>
  <HTMLCodeStyleSettings>
    <option name="HTML_UNIFORM_INDENT" value="true" />
  </HTMLCodeStyleSettings>
  <JSCodeStyleSettings version="0">
    <option name="USE_SEMICOLON_AFTER_STATEMENT" value="false" />
    <option name="ALIGN_VAR_STATEMENTS" value="1" />
    <option name="VAR_DECLARATION_WRAP" value="2" />
    <option name="OBJECT_LITERAL_WRAP" value="2" />
    <option name="IMPORTS_WRAP" value="0" />
  </JSCodeStyleSettings>
  <LessCodeStyleSettings>
    <option name="BLANK_LINES_BETWEEN_BLOCKS" value="0" />
    <option name="BLANK_LINES_AROUND_NESTED_SELECTOR" value="0" />
  </LessCodeStyleSettings>
  <SassCodeStyleSettings>
    <option name="BLANK_LINES_BETWEEN_BLOCKS" value="0" />
    <option name="BLANK_LINES_AROUND_NESTED_SELECTOR" value="0" />
  </SassCodeStyleSettings>
  <ScssCodeStyleSettings>
    <option name="BLANK_LINES_BETWEEN_BLOCKS" value="0" />
    <option name="BLANK_LINES_AROUND_NESTED_SELECTOR" value="0" />
  </ScssCodeStyleSettings>
  <TypeScriptCodeStyleSettings version="0">
    <option name="USE_SEMICOLON_AFTER_STATEMENT" value="false" />
    <option name="SPACES_WITHIN_IMPORTS" value="true" />
  </TypeScriptCodeStyleSettings>
  <VueCodeStyleSettings>
    <option name="SPACES_WITHIN_INTERPOLATION_EXPRESSIONS" value="false" />
  </VueCodeStyleSettings>
  <codeStyleSettings language="CSS">
    <option name="KEEP_BLANK_LINES_IN_CODE" value="1" />
    <indentOptions>
      <option name="INDENT_SIZE" value="2" />
      <option name="CONTINUATION_INDENT_SIZE" value="2" />
      <option name="TAB_SIZE" value="2" />
    </indentOptions>
  </codeStyleSettings>
  <codeStyleSettings language="HTML">
    <indentOptions>
      <option name="INDENT_SIZE" value="2" />
      <option name="CONTINUATION_INDENT_SIZE" value="2" />
      <option name="TAB_SIZE" value="2" />
      <option name="KEEP_INDENTS_ON_EMPTY_LINES" value="true" />
    </indentOptions>
  </codeStyleSettings>
  <codeStyleSettings language="JavaScript">
    <option name="METHOD_CALL_CHAIN_WRAP" value="1" />
    <option name="ARRAY_INITIALIZER_WRAP" value="1" />
    <indentOptions>
      <option name="INDENT_SIZE" value="2" />
      <option name="CONTINUATION_INDENT_SIZE" value="2" />
      <option name="TAB_SIZE" value="2" />
    </indentOptions>
  </codeStyleSettings>
  <codeStyleSettings language="LESS">
    <option name="KEEP_BLANK_LINES_IN_CODE" value="1" />
    <indentOptions>
      <option name="CONTINUATION_INDENT_SIZE" value="2" />
      <option name="TAB_SIZE" value="2" />
    </indentOptions>
  </codeStyleSettings>
  <codeStyleSettings language="SASS">
    <option name="KEEP_BLANK_LINES_IN_CODE" value="1" />
    <indentOptions>
      <option name="CONTINUATION_INDENT_SIZE" value="2" />
      <option name="TAB_SIZE" value="2" />
    </indentOptions>
  </codeStyleSettings>
  <codeStyleSettings language="SCSS">
    <option name="KEEP_BLANK_LINES_IN_CODE" value="1" />
    <indentOptions>
      <option name="CONTINUATION_INDENT_SIZE" value="2" />
      <option name="TAB_SIZE" value="2" />
    </indentOptions>
  </codeStyleSettings>
</code_scheme>